{
  "framework": {
    "bare": [
      "vendor/inherit.js/lib/function.js",
      "vendor/callbacks/src/callbacks.js",
      "vendor/callbacks/src/callbacks/utils.js",
      "vendor/oxydizr/src/Oxydizr.js",
      "vendor/oxydizr/src/Oxydizr/FrontController.js",
      "vendor/element_store/lib/element_store.js",
      "vendor/element_store/lib/element_store/utils.js",
      "vendor/beacon/src/beacon.js",
      "vendor/beacon/src/beacon/dispatcher.js",
      "vendor/beacon/src/beacon/application_events.js",
      "vendor/beacon/src/beacon/notifications.js",
      "vendor/hypodermic/src/Hypodermic.js",
      "vendor/hypodermic/src/Hypodermic/Container.js",
      "vendor/hypodermic/src/Hypodermic/DependencyResolver.js",
      "vendor/hypodermic/src/Hypodermic/ObjectFactory.js",
      "vendor/module-manager/src/module.js",
      "vendor/module-manager/src/module/factory.js",
      "vendor/module-manager/src/module/front_controller_module_observer.js",
      "vendor/module-manager/src/module/lazy_loader.js",
      "vendor/module-manager/src/module/manager.js",
      "vendor/module-manager/src/module/meta_data.js",
      "vendor/module-manager/src/module/provider.js",
      "vendor/module-base/src/module/base.js",
      "vendor/module-utils/src/module/utils.js",
      "vendor/module-utils/src/module/utils/property_cache.js",
      "vendor/module-utils/src/module/utils/bootstrap.js",
      "vendor/module-utils/src/module/utils/element_store.js",
      "vendor/module-utils/src/module/utils/events.js",
      "vendor/module-utils/src/module/utils/rendering.js",
      "src/foundry.js",
      "src/foundry/run.js",
      "src/foundry/application.js",
      "src/foundry/application_events_controller.js",
      "src/foundry/error_handler.js",
      "src/foundry/module_factory.js",
      "src/foundry/module_observer.js",
      "src/foundry/new_module_controller.js"
    ]
  },
  "extensions": {
    "dojo": [
      "vendor/dom_event_delegator/lib/dom/events/delegator/dojo_adaptor.js",
      "vendor/element_store/lib/element_store/dojo_adapter.js"
    ],
    "jquery": [
      "vendor/dom_event_delegator/lib/dom/events/delegator/jquery_adaptor.js",
      "vendor/element_store/lib/element_store/jquery_adapter.js"
    ],
    "mootools": [
      "vendor/dom_event_delegator/lib/dom/events/delegator/mootools_adaptor.js",
      "vendor/element_store/lib/element_store/mootools_adapter.js"
    ],
    "yui": [
      "vendor/dom_event_delegator/lib/dom/events/delegator/yui_adaptor.js",
      "vendor/element_store/lib/element_store/yui_adapter.js"
    ],
    "zepto": [
      "vendor/dom_event_delegator/lib/dom/events/delegator/zepto_adaptor.js",
      "vendor/element_store/lib/element_store/zepto_adapter.js"
    ]
  }
}