{
    "post": {
        "id": 1,
        "title": "Rendering Client Side Templates With Foundry",
        "date": "04/20/2014",
        "author": "Wilbur, the Grunt",
        "body": "<p>It's easy to render client side templates!</p>",
        "tags": [
            "javascript",
            "foundry",
            "templates",
            "mustache"
        ],
        "comments": [{
            "id": 1,
            "post_id": 1,
            "author": "Anonymous Coward",
            "text": "This is terrible!"
        }, {
            "id": 2,
            "post_id": 1,
            "author": "John Doe",
            "text": "No it's not!"
        }, {
            "id": 3,
            "post_id": 1,
            "author": "Jane Doe",
            "text": "Witty retort!"
        }, {
            "id": 4,
            "post_id": 1,
            "author": "Anonymous Coward",
            "text": "Smack talk!"
        }]
    }
}